{
  "project_info": {
    "project_number": "794058425363",
    "firebase_url": "https://mysweproject-7081d.firebaseio.com",
    "project_id": "mysweproject-7081d",
    "storage_bucket": "mysweproject-7081d.appspot.com"
  },
  "client": [
    {
      "client_info": {
        "mobilesdk_app_id": "1:794058425363:android:ac1d8268aad98129062be6",
        "android_client_info": {
          "package_name": "edu.skku.map.lab9"
        }
      },
      "oauth_client": [
        {
          "client_id": "794058425363-o6edp5imo4ppjs9bblmhdtlahqhppqtg.apps.googleusercontent.com",
          "client_type": 3
        }
      ],
      "api_key": [
        {
          "current_key": "AIzaSyDjjhi6QaTOoGB-xhTODo0x6qCGKBXXG_E"
        }
      ],
      "services": {
        "appinvite_service": {
          "other_platform_oauth_client": [
            {
              "client_id": "794058425363-o6edp5imo4ppjs9bblmhdtlahqhppqtg.apps.googleusercontent.com",
              "client_type": 3
            }
          ]
        }
      }
    }
  ],
  "configuration_version": "1"
}