{
  "project_info": {
    "project_number": "465757380594",
    "firebase_url": "https://mysweproject3-d5298.firebaseio.com",
    "project_id": "mysweproject3-d5298",
    "storage_bucket": "mysweproject3-d5298.appspot.com"
  },
  "client": [
    {
      "client_info": {
        "mobilesdk_app_id": "1:465757380594:android:af7f8139efd2dfa922156b",
        "android_client_info": {
          "package_name": "edu.skku.map.week11"
        }
      },
      "oauth_client": [
        {
          "client_id": "465757380594-pr1798dhlb77t8egd0lj86epjc2j22q8.apps.googleusercontent.com",
          "client_type": 3
        }
      ],
      "api_key": [
        {
          "current_key": "AIzaSyCUzOlskBLCpZ4jkliCK6Iaib6s3eG9JQ8"
        }
      ],
      "services": {
        "appinvite_service": {
          "other_platform_oauth_client": [
            {
              "client_id": "465757380594-pr1798dhlb77t8egd0lj86epjc2j22q8.apps.googleusercontent.com",
              "client_type": 3
            }
          ]
        }
      }
    }
  ],
  "configuration_version": "1"
}